Residue_Index,pLDDT
1,87.05842590332031
2,89.16339874267578
3,89.53436279296875
4,88.32337188720703
5,88.20863342285156
6,87.4996337890625
7,86.61876678466797
8,85.14574432373047
9,83.35201263427734
10,82.6650619506836
11,82.54068756103516
12,81.86776733398438
13,80.92881774902344
14,81.44416809082031
15,83.57406616210938
16,87.3944091796875
17,89.7848129272461
18,90.58230590820312
19,90.38063049316406
20,89.65229034423828
21,88.80731964111328
22,88.00709533691406
23,87.08251953125
24,86.8546142578125
25,87.11164093017578
26,87.27594757080078
27,87.29388427734375
28,87.8468017578125
29,88.48546600341797
30,89.33191680908203
31,89.63330078125
32,89.4647216796875
33,88.54131317138672
34,86.3803939819336
35,83.77141571044922
36,83.02703094482422
37,82.0761947631836
38,79.83206939697266
39,78.95928955078125
40,78.09397888183594
41,77.3009262084961
42,77.3758316040039
43,82.83912658691406
44,86.66404724121094
45,89.04964447021484
46,90.6122817993164
47,91.23023986816406
48,91.0292739868164
49,90.32588958740234
50,88.30916595458984
51,86.91177368164062
52,84.92107391357422
53,85.04380798339844
54,86.38631439208984
55,87.4462661743164
56,88.19770812988281
57,88.24655151367188
58,88.47411346435547
59,88.02513122558594
60,87.030029296875
61,85.12789916992188
62,84.018798828125
63,84.58968353271484
64,85.59729766845703
65,86.68512725830078
66,88.59123229980469
67,90.1537857055664
68,91.62496185302734
69,93.53763580322266
70,93.85025787353516
71,90.22212219238281
