Residue_Index,pLDDT
1,89.34825134277344
2,91.76228332519531
3,91.9568862915039
4,90.3934097290039
5,89.53558349609375
6,88.93203735351562
7,88.24479675292969
8,87.69056701660156
9,87.34782409667969
10,87.05298614501953
11,86.94991302490234
12,86.3719482421875
13,85.49568939208984
14,85.40544128417969
15,86.21702575683594
16,89.57996368408203
17,92.06208801269531
18,92.9169692993164
19,92.74549865722656
20,92.37068176269531
21,92.03250885009766
22,91.72286224365234
23,91.38343048095703
24,91.13388061523438
25,91.2578353881836
26,91.15104675292969
27,90.88079833984375
28,90.54377746582031
29,89.99536895751953
30,89.87366485595703
31,89.69619750976562
32,89.89857482910156
33,89.3483657836914
34,87.35900115966797
35,84.87762451171875
36,82.07485961914062
37,77.80384826660156
38,76.06129455566406
39,76.26148223876953
40,76.71382141113281
41,77.92405700683594
42,84.46670532226562
43,87.67374420166016
44,90.37096405029297
45,92.32971954345703
46,93.39662170410156
47,93.73658752441406
48,93.25334930419922
49,92.26466369628906
50,90.53816223144531
51,89.09229278564453
52,88.28224182128906
53,89.40570068359375
54,90.24048614501953
55,91.42285919189453
56,92.07398986816406
57,92.05941772460938
58,92.11430358886719
59,92.06231689453125
60,91.69026947021484
61,91.29568481445312
62,90.84915161132812
63,90.81381225585938
64,90.52348327636719
65,89.59679412841797
66,90.0118637084961
67,91.80168151855469
68,93.01812744140625
69,95.24758911132812
70,95.59969329833984
71,92.43545532226562
