Residue_Index,pLDDT
1,84.67152404785156
2,85.41697692871094
3,84.97305297851562
4,85.58979034423828
5,86.20880889892578
6,85.31317138671875
7,82.48587799072266
8,78.29584503173828
9,76.45407104492188
10,78.42308044433594
11,82.11851501464844
12,83.73729705810547
13,84.62389373779297
14,86.1685791015625
15,88.13018798828125
16,89.90535736083984
17,91.25328826904297
18,91.76675415039062
19,91.6401596069336
20,91.03910064697266
21,90.597900390625
22,89.7678451538086
23,89.12895965576172
24,89.13326263427734
25,89.21481323242188
26,89.11531066894531
27,89.14368438720703
28,89.29158020019531
29,89.0318603515625
30,88.92823791503906
31,88.28743743896484
32,87.04283905029297
33,86.52996063232422
34,85.07508087158203
35,84.12657928466797
36,82.80673217773438
37,82.65807342529297
38,83.65188598632812
39,84.67462921142578
40,84.55767059326172
41,83.99118041992188
42,85.04804992675781
43,87.0476303100586
44,89.12201690673828
45,90.40039825439453
46,91.27226257324219
47,91.71674346923828
48,91.46636962890625
49,90.86839294433594
50,89.95046997070312
51,89.38249206542969
52,89.04289245605469
53,88.64851379394531
54,88.38766479492188
55,88.71817016601562
56,89.22367858886719
57,89.33927154541016
58,88.9041519165039
59,88.33882141113281
60,87.70732116699219
61,86.78468322753906
62,85.89563751220703
63,84.65254974365234
64,83.16071319580078
65,82.6314926147461
66,84.78317260742188
67,87.50613403320312
68,89.51707458496094
69,91.03070831298828
70,91.52936553955078
71,88.46165466308594
