Residue_Index,pLDDT
1,82.53820037841797
2,83.62342071533203
3,79.7833251953125
4,73.91089630126953
5,71.27147674560547
6,69.6995849609375
7,68.13058471679688
8,67.70026397705078
9,70.78528594970703
10,76.0964126586914
11,79.49296569824219
12,81.20451354980469
13,82.8127670288086
14,85.90187072753906
15,87.98348236083984
16,90.10279846191406
17,91.53956604003906
18,92.15691375732422
19,91.9204330444336
20,91.1047592163086
21,90.26756286621094
22,89.22708892822266
23,88.248291015625
24,87.48973846435547
25,86.75667572021484
26,86.23623657226562
27,86.3279037475586
28,86.90777587890625
29,87.57228088378906
30,87.80989837646484
31,86.4365463256836
32,85.03824615478516
33,84.39424896240234
34,83.87395477294922
35,82.16667175292969
36,78.55047607421875
37,76.24556732177734
38,77.97588348388672
39,80.63505554199219
40,82.47056579589844
41,83.52421569824219
42,85.2286376953125
43,86.53375244140625
44,88.55387878417969
45,89.48856353759766
46,90.39093780517578
47,91.07364654541016
48,90.8633804321289
49,90.48697662353516
50,89.55658721923828
51,88.67117309570312
52,88.56511688232422
53,88.64591217041016
54,88.76306915283203
55,88.56632232666016
56,88.15164947509766
57,86.89324951171875
58,84.63320922851562
59,81.34352111816406
60,77.27886199951172
61,77.10708618164062
62,77.2135238647461
63,78.42351531982422
64,79.34383392333984
65,81.91334533691406
66,84.99881744384766
67,86.7454605102539
68,87.21455383300781
69,86.70662689208984
70,87.43486022949219
71,85.4712142944336
