Residue_Index,pLDDT
1,87.89997100830078
2,90.1849136352539
3,90.33860778808594
4,88.80292510986328
5,87.65077209472656
6,86.68165588378906
7,85.08161926269531
8,83.60350799560547
9,82.13673400878906
10,81.94461059570312
11,83.3117904663086
12,83.90977478027344
13,83.82625579833984
14,84.1177978515625
15,85.35204315185547
16,88.73761749267578
17,91.54685974121094
18,92.51779174804688
19,92.47843933105469
20,92.14236450195312
21,91.78502655029297
22,91.21940612792969
23,90.67731475830078
24,90.29645538330078
25,90.39698791503906
26,90.38032531738281
27,90.26094818115234
28,90.00310516357422
29,89.31029510498047
30,89.12866973876953
31,89.00395965576172
32,89.29798889160156
33,88.74931335449219
34,86.82174682617188
35,84.0257568359375
36,81.65763854980469
37,78.16206359863281
38,75.20182037353516
39,74.76996612548828
40,74.93741607666016
41,75.8428726196289
42,82.40436553955078
43,85.56133270263672
44,88.36022186279297
45,90.87855529785156
46,92.28959655761719
47,92.64323425292969
48,92.50884246826172
49,91.40742492675781
50,89.4864273071289
51,87.64051055908203
52,87.06808471679688
53,88.65709686279297
54,89.75406646728516
55,90.72547912597656
56,91.15754699707031
57,90.99568939208984
58,90.95882415771484
59,90.74114990234375
60,90.1917724609375
61,89.52714538574219
62,88.73698425292969
63,88.12939453125
64,87.69973754882812
65,87.22746276855469
66,88.88139343261719
67,90.68792724609375
68,92.30918884277344
69,93.97518920898438
70,94.5887451171875
71,91.4021224975586
