Residue_Index,pLDDT
1,86.09406280517578
2,87.9372329711914
3,88.16413879394531
4,86.52812957763672
5,85.50111389160156
6,84.15596771240234
7,82.11900329589844
8,79.63923645019531
9,75.54570770263672
10,71.45311737060547
11,72.19059753417969
12,73.87902069091797
13,76.69964599609375
14,79.72987365722656
15,84.11854553222656
16,87.99409484863281
17,90.02314758300781
18,90.85823822021484
19,90.67672729492188
20,90.12770080566406
21,89.55551147460938
22,89.02790832519531
23,88.15707397460938
24,87.4979019165039
25,87.42071533203125
26,87.37963104248047
27,87.18924713134766
28,87.34911346435547
29,87.50169372558594
30,87.90922546386719
31,88.46804809570312
32,88.81732940673828
33,87.97399139404297
34,85.35253143310547
35,82.01371765136719
36,79.22925567626953
37,77.44424438476562
38,76.74641418457031
39,77.18572998046875
40,76.34378051757812
41,74.74164581298828
42,73.90208435058594
43,79.28404235839844
44,84.0147705078125
45,86.8641586303711
46,88.71878051757812
47,89.96411895751953
48,90.33109283447266
49,89.9791030883789
50,88.85405731201172
51,87.60739135742188
52,86.51777648925781
53,86.51746368408203
54,87.17400360107422
55,87.78974914550781
56,88.05148315429688
57,88.00390625
58,87.88941192626953
59,87.49640655517578
60,86.5648422241211
61,84.76774597167969
62,83.0687026977539
63,82.86016082763672
64,83.4053955078125
65,84.50144958496094
66,87.01689910888672
67,89.12940216064453
68,90.78380584716797
69,92.8287124633789
70,93.5456314086914
71,90.07891082763672
