Residue_Index,pLDDT
1,84.2383804321289
2,87.33980560302734
3,87.28448486328125
4,86.29487609863281
5,85.76647186279297
6,83.2333984375
7,80.3365249633789
8,76.03709411621094
9,69.06793975830078
10,62.95932388305664
11,64.03897857666016
12,65.82029724121094
13,68.07671356201172
14,72.40541076660156
15,79.36905670166016
16,84.24964904785156
17,86.7686538696289
18,87.61508178710938
19,88.0037612915039
20,87.86852264404297
21,87.19625854492188
22,85.9439468383789
23,84.50493621826172
24,84.23489379882812
25,84.56629180908203
26,84.53842163085938
27,84.99606323242188
28,85.12474060058594
29,84.70647430419922
30,83.65837097167969
31,81.47016906738281
32,78.71913146972656
33,74.6695785522461
34,71.04035949707031
35,69.76685333251953
36,71.50198364257812
37,74.2348403930664
38,75.14448547363281
39,77.00288391113281
40,78.48329162597656
41,79.58026885986328
42,81.579833984375
43,84.20275115966797
44,86.18405151367188
45,87.05595397949219
46,87.69355773925781
47,87.7695541381836
48,86.98094177246094
49,86.02350616455078
50,84.73128509521484
51,84.53911590576172
52,84.36689758300781
53,83.60971069335938
54,82.65843200683594
55,83.44452667236328
56,83.50845336914062
57,83.66506958007812
58,84.48100280761719
59,85.2031478881836
60,84.4941177368164
61,84.1166763305664
62,83.75695037841797
63,83.79962158203125
64,82.88886260986328
65,83.36444854736328
66,84.63414001464844
67,86.69950103759766
68,88.88202667236328
69,89.98242950439453
70,91.29792785644531
71,89.03741455078125
